{
    "loss": 22.957639694213867,
    "accuracy": 0.28723403811454773
}