{
    "loss": 4.2777557373046875,
    "accuracy": 0.692307710647583
}