{
    "loss": 10.943280220031738,
    "accuracy": 0.38297873735427856
}