{
    "loss": 28.0327205657959,
    "accuracy": 0.1595744639635086
}